order,m,N,worst,stabilized,absc_ol,normA,normB,condA,dispA
3,1,2,0.011877502237023925,False,0.04119389260574202,1.161265718497285,0.13765997079838013,354.082260060222,0.5537780376231997
3,1,2,0.00406647751929995,False,0.0023029729357037306,1.281915497499401,0.07456399138806234,452.89540695354947,0.5062821015673552
3,1,2,0.02402345000558744,False,0.15732300530463472,1.2849104379558467,0.12207074073061984,116.11682746167538,0.9511867551710025
3,1,2,0.002446764867458676,False,0.040691948318538576,1.5076413089844365,0.11261390413282742,39.16097026925372,0.4073747978322973
3,1,2,0.061996012243365685,False,0.5007584989799286,1.1175097629879287,0.06415137041821127,185.80213334800237,0.9986736692374203
3,1,2,0.017973818029858528,False,0.2073181149818012,1.7862710728937428,0.12151870314468328,22.311559156319312,1.0837442677674
3,1,2,0.07742713005190743,False,0.013085423687605367,1.1886967603502445,0.13390835980532528,290.846671837916,0.688091272000947
3,1,2,0.02313729188389064,False,0.7702692255566426,1.4777485554765641,0.1021806260201314,308.723939257135,1.064557655144794
3,1,2,0.0033815164803252494,False,0.16814240665561617,1.2378238944791866,0.10272696035871144,19.264082256353188,0.42519776497615047
3,1,2,0.008077325127957714,False,0.01659002478055173,1.5858919200915025,0.06441714795829909,103.33271327246537,0.6727436726564547
3,1,2,0.005183232443037756,False,0.07940604484840405,1.4037748181570828,0.0480470702975344,63.64757632839381,0.7933950163907088
3,1,2,0.0006698704615298767,False,0.6674220512103097,1.594808486111436,0.08528841508842443,319.57360280664125,1.0660789907383341
3,1,2,0.029043338904900694,False,0.4391468587459616,1.1476033379400155,0.14877452095008417,21.592159712848716,0.9273662039873375
3,1,2,0.0694728779103176,False,0.5267752470827115,1.3798666366710883,0.05602852839034862,43.09777676206041,0.9981100757313532
3,1,2,0.03713672715379073,False,1.0463308681785006,1.2503541978580563,0.030649845998539732,127.79868835403325,0.7381583598104894
3,1,2,0.0028954645971444614,False,0.1736683723988512,2.0417380809885644,0.28084744351174384,216.3370760947417,1.065814065796331
3,1,3,0.0010305704061608911,False,0.17913805257340598,1.2916058547347213,0.12784497871409717,27.277096887075974,1.2972025647195853
3,1,3,0.005545506591855806,False,0.34049885065801544,1.133317677109373,0.016393289749960786,690.2213375933975,0.875681590103617
3,1,3,0.005162073620933311,False,0.23588170107742573,1.1913329331623808,0.06855030554021418,8.52846940387949,0.7074632558977532
3,1,3,0.016938601807397813,False,0.061106283518447074,1.0684479863676901,0.07360225813653724,59.166870390157094,0.6463977670109937
3,1,3,0.0009771396890781991,False,-0.02477785822340917,1.1376633674289556,0.11044373081798181,36.23527863956658,0.6093953349937014
3,1,3,0.0017725329144186953,False,0.5852137075449703,1.2905369021786073,0.06796556121064906,62.61168260861743,1.1727440357767152
3,1,3,1.6857143417989735e-05,False,8.726332718191339e-05,1.2936203793098013,0.04987692910397356,7705.512014051759,1.1510917968029506
3,1,3,0.03685793407186246,False,1.0799852762343427,1.304694012075677,0.18472471518937694,10.17503217954842,0.8568934347972295
3,1,3,0.008000804352285933,False,0.45303868448369955,1.0774044554635942,0.03907603440347745,20.471442397364545,0.766617438267102
3,1,3,0.001757948506335679,False,0.04010540066789062,1.4196517356103098,0.04954091008201159,71.24440173607447,0.9239368393127181
3,1,3,0.0024222610461142693,False,0.7580131293462563,1.3264588923098306,0.21342905199477033,31.47118710431136,1.189607805352429
3,1,3,0.014420265203394296,False,0.7106943182037319,1.1081433237775715,0.041536208588511106,28.5991925186523,0.9013925369336823
3,1,3,0.0013985271787085433,False,0.1278491572703392,1.1187363718600152,0.02348036335967874,5649.537888462681,1.052904925740809
3,1,3,0.043111968220577786,False,0.3445550572424763,1.2678237384677589,0.06680478180039329,27.38150122387785,0.710543260092474
3,1,3,0.004749382315978991,False,0.4130279009430398,1.1802601026745718,0.07367438668619934,771.2035515226976,0.8900514108507133
3,1,3,0.0199213580258373,False,0.10327567146578004,1.0214179889604618,0.042331508599085896,52.832839028299865,0.7122354149780648
3,1,3,0.023059862577986593,False,1.2396669785150323,1.3827472612626568,0.08022529341912706,76.72746243104385,1.6252846519688784
3,1,3,0.002572725577714653,False,0.9526012184968077,1.298350773650972,0.0925167619483182,14.145673222261008,1.2848571599985286
3,1,4,0.005345842925496663,False,0.05417545023165506,1.0926928989139904,0.06779944010786768,119.97266742172467,0.6242233689033972
3,1,4,0.08980250217882367,False,0.08826254554966084,1.5338937821502818,0.19128714749611422,32.41110284198825,0.984100143061743
3,1,4,0.001296847144633323,False,0.038013382328607515,1.2394653849614172,0.03736001688180225,20.614465076655684,1.0108844299041218
3,1,4,0.015599588536202863,False,0.2072309923016741,1.1755999104694304,0.08044978779957675,29.031561023633202,1.1548194352891121
3,1,4,0.011131620327809337,False,0.015708186074756658,1.3720003739761313,0.12039675456314797,56.63140941467083,0.9390538157956556
3,1,4,0.002862632056230445,False,0.6987489770018248,1.9954415912128196,0.10625600498872964,430.3702491095124,1.3448018048799204
3,1,4,0.010121760821824657,False,1.0377013541232594,1.2683842038998432,0.09369952858602049,19.37724572648287,0.8805831096064368
3,1,4,0.05791266138963803,False,0.04395112764798674,1.1838706803901295,0.1198595655087234,24.164184707377892,0.8462741613509961
3,1,4,0.0023773634115147324,False,0.3603107235226632,1.0146129722474788,0.049876719218237914,51.01904435316806,0.8570413327538347
3,1,4,0.01621980430849808,False,0.20027430162740834,1.0365356110336372,0.023312035124528067,26.491131116714826,0.7696928237829237
3,1,4,0.007317069111146916,False,0.004376876773290919,1.3986892417039574,0.04099288557855807,896.9657714186659,0.6966052124170847
3,1,4,0.013828626522386209,False,0.0721311587147222,1.20112677652362,0.044411337051057265,53.22574060361373,0.8270279016454184
3,1,4,0.015713618254311168,False,0.3122948788494426,1.6526061217982497,0.08541646000493174,47.30527739070986,1.048020832303535
3,1,4,0.028535880487716183,False,0.00520924829831502,1.3382742864714086,0.12204580101593938,22.854223533662704,1.0026870342472631
3,1,4,0.027103095107149096,False,0.16345919222615204,1.5180244155026208,0.07971068944576688,139.47414684800083,1.30582012706568
3,1,4,0.013389603811057579,False,0.3016127422667345,1.0349020639393394,0.057192054628985266,49.433343237534345,0.8567299325508937
3,1,4,0.002152621775080313,False,1.4311708945301966,1.5672874753169093,0.06346801504956194,63.71682361406676,1.224829344032096
3,1,4,0.025080551915767954,False,0.041613726134101525,1.0999204357921057,0.08537729887391915,43.56345222676913,0.9711856938329563
3,1,4,0.017671338787889457,False,0.9155202665471136,1.233249833947916,0.029290285449873898,626.5804864142891,1.0853852471342318
3,1,4,0.01607244777030526,False,0.2577286085773919,1.7105530374556246,0.17507326304975682,124.97982872231049,1.3621461427913428
3,1,4,0.00695229796962582,False,0.0003178327576137674,1.5416715794773133,0.1524442856646871,5796.644105033274,0.9184000405426825
3,1,4,0.002819060688640459,False,0.5382368913405626,1.127652430002326,0.043802803322007325,13.884010600998767,1.0183297924626
3,1,5,0.009091735030844511,False,0.8905810842440213,1.2010931801165574,0.041099649311927756,16.077105826408378,1.027870275099531
3,1,5,0.06271014119640368,False,0.5323968145188278,1.250110733303824,0.04167833401470959,415.58300240073424,1.3042955763396542
3,1,5,0.008761684061394747,False,0.5814271861377309,1.0939835907003121,0.037272953561560226,18.9552590988501,0.9687256054797173
3,1,5,0.0035855332593448808,False,0.10775637722731257,1.1975041061711298,0.0700896854480118,17.784765177281418,0.8567784635977498
3,1,5,0.010409711071586742,False,0.4786743533990319,1.200424231997411,0.04421088683793872,19.590734889953975,1.2052019748765037
3,1,5,0.006306945217375251,False,0.15895122916456986,1.0377698802776794,0.10176537845462091,142.69045341196903,0.9899804324818452
3,1,5,0.012036470467482486,False,0.7042565879705873,1.2794957120979389,0.0712606914679047,8.877308242756497,1.0968600476795418
3,1,5,0.005383759688975585,False,0.8400099749496007,1.2504664757716308,0.01958823676454641,217.50515251433904,1.1745056204541322
3,1,5,0.014227698038540888,False,0.3859107628544893,1.2243538019421016,0.07962691436992761,28.52133417577554,1.0171927368362026
3,1,5,0.006154316390540396,False,0.21235259669286782,1.090705331701629,0.04389855327801066,266.4907369268277,1.1247630315460313
3,1,5,0.0662795198385438,False,0.6371517005760153,1.2353713329417784,0.18861915842338792,25.35034446401131,0.9657508690093309
3,1,5,8.798579466880292e-05,False,0.46335711914778677,1.4066659135993795,0.03747110601818213,19685.913547841275,1.198870222241679
3,1,5,0.02465515214038035,False,0.5324857785945047,1.4404673651845326,0.09278144363693568,64.09186979561197,1.2494665836389631
3,1,5,0.014506319850688551,False,0.3162404749786852,1.3038072920253423,0.08302467142699324,18.06703477502302,1.0577884596716272
3,1,5,0.016302392883238315,False,1.0585596625943698,1.09160948182843,0.06084011422912648,383.56550758797533,0.8754342730547339
3,1,5,0.002865433793578148,False,0.12888931658152245,1.0838229992357413,0.10755422015916484,21.35500146323412,0.6710973392723812
3,1,5,0.0006167150451478508,False,0.2507871185902573,1.1007293306307464,0.06407468950598047,8.64695652509733,0.7595094609225131
3,1,5,0.004750281028989306,False,0.6108189150423969,1.0894423509826716,0.03835738007202086,54.24280887395909,0.9414538297424336
3,1,5,0.02212921002540847,False,0.6781971724049083,1.0446748180906322,0.042440361316909425,102.45305625747142,1.1500516297675316
3,1,5,0.01126618774286155,False,0.5729498846183968,1.115472801032474,0.11201089903098867,37.53191709490414,1.171171809191344
3,2,2,0.004266792870777449,False,1.0132641530129594,1.4155913524051147,0.16056525098204805,40.56638160813322,0.9507410061298809
3,2,2,0.0032645407945105435,False,0.22073004231580495,1.35805302329406,0.21115337475400128,6.187038763885866,1.1269487304840426
3,2,2,0.06582281655798733,False,1.203453569017447,1.5183122109518399,0.03434738797303519,40.78636514949639,1.3242580794674106
3,2,2,0.040596752744800915,False,0.7716846851303973,1.463639506587066,0.050765846052664244,117.31753160129817,0.48336931373604675
3,2,2,0.10916188865343102,False,0.17183717584569752,1.0156113720650939,0.040913984101006606,39.00221782700314,0.8367979137765209
3,2,2,0.012914672840820665,False,0.07454026580941236,1.2307811909435813,0.0233042520702635,49.25135408499212,0.517275737229838
3,2,2,0.17096696383098528,False,0.9250180721005863,1.3756695366080007,0.06911360010234634,203.188846125683,0.5774734932093436
3,2,2,0.0019730630293788853,False,0.9724205397940805,1.509921573177332,0.09445462410805701,15.09986402290444,0.3292560666690432
3,2,2,0.0635179216358848,False,0.36814378614806714,1.131335806656825,0.03271731827161921,93.84334263769355,0.8639049795183408
3,2,2,0.07397723948711919,False,0.603515277877088,1.3148782682950888,0.05986970101883094,25.555956117368776,0.5324059884204383
3,2,2,0.06085603076422315,False,0.2424168123573771,1.097413713539587,0.1605720919732387,192.50979190625063,0.5820277557851645
3,2,2,0.024239491202887046,False,0.2355424463011845,1.0621468474913,0.042710967602913104,109.69864460715276,0.7544114203859422
3,2,2,0.004093250084121229,False,0.968251274047083,1.2561683038827336,0.020930352401693244,34.79184403576616,0.7155523539717983
3,2,2,0.05378842576392521,False,0.12972942290227096,1.3597156947210858,0.036764354329953765,133.1699783614787,0.6905870692680846
3,2,3,0.035104195830286185,False,0.1312420234664185,1.3815411332767258,0.07955009088693472,9.002651365507797,1.4136633156731273
3,2,3,0.34768650224771674,False,0.1683154916366465,1.4283246183715446,0.058911824557497265,30.39468918919877,1.2977174098936506
3,2,3,0.012867629856290757,False,0.2758555650777609,1.2916493497038004,0.0270671501742735,408.2173568749111,0.7561503440569655
3,2,3,0.007848027905148144,False,0.24524158719851072,1.0181913640148164,0.019327497418683542,56.8232628233532,0.8818038712204573
3,2,3,0.029275436289496783,False,0.39429798883435724,1.024405842158546,0.03215663689882882,224.681739905016,0.862566982242877
3,2,3,0.04676520065102243,False,0.6865555151918012,1.3682789436569878,0.05014848962101796,32.72292952533475,1.2733151427228715
3,2,3,0.08560332602527654,False,0.49069404379020193,1.029667332276556,0.02393505363650879,42.49645013478033,1.03181728934079
3,2,3,0.003779208981812608,False,0.2438475500988418,1.3901416107649402,0.041011078964165254,333.92881290519654,1.072791655101729
3,2,3,0.03264743416035554,False,0.5131303328694536,1.3566039898516706,0.09355728717260445,63.51671308024982,1.141923228261218
3,2,3,0.028894751965020244,False,0.8019930308882245,1.40200195790684,0.043861747908910946,61.340287588672965,1.0830865085888044
3,2,4,0.020701857833681156,False,0.529763239672635,1.079095121931282,0.053831612076615375,158.13106656983632,1.01303702492647
3,2,4,0.028116556384385444,False,0.7000342909746453,1.778017539356986,0.05678579806638803,409.90190494627075,1.1841116345514384
3,2,4,0.3006164149824283,False,0.11250052977696083,1.2429391316370166,0.03390578577896457,33.45809244040612,0.7721759607788498
3,2,4,0.012963879438516845,False,0.5949611692490826,1.507730709998535,0.09497018225857543,346.6059411494643,1.2176010964917798
3,2,4,0.007419511731493224,False,0.6726010834170594,1.2542517983668913,0.02407902073832016,26.311537934169646,1.216003496638163
3,2,4,0.06176553370148837,False,0.5237571033236578,1.3921697574446728,0.0714829288469345,81.00138683860095,1.1124573888074774
3,2,4,0.0025447593814656353,False,0.09138487808029093,1.1616216628982663,0.06390668819785547,252.09713982483174,0.5880787159788637
3,2,4,0.0034267390502650237,False,0.521471347676439,1.1878466910168373,0.03897335750511674,35.652937487301195,0.8666659397670372
3,2,4,0.04787469149294227,False,1.2169342570475277,1.4575212289828516,0.0833694511729679,58.16869222564965,1.641624369487064
3,2,4,0.07081104471293104,False,0.09599963243430074,1.4609931629197033,0.0523141295461838,225.23995495302734,1.140915039642861
3,2,5,0.12662489302422203,False,0.9483340953190742,1.5837649422918683,0.14631788310966437,62.277729523140216,1.3067567764187678
3,2,5,0.027997030460826165,False,0.07544344157941979,1.5210528484676793,0.04994378128647515,267.0825227753366,1.0037430506716005
3,2,5,0.010276134061673298,False,0.13862879411558818,1.3570389260441216,0.1535397537028068,30.09354020180023,1.1330498372733535
3,2,5,0.013075321897461571,False,0.04970519359487371,1.0686933094973852,0.08307104746442247,98.51263823923674,0.6770689743040866
3,2,5,0.004620849771919448,False,0.021214339885769637,1.4435762126759577,0.05632295635140864,360.85317703718886,1.2674641550521235
3,2,5,0.07909803374744272,False,0.3177732054743202,1.0784504959458379,0.017934026984132597,114.29448209860503,0.9188524328390132
3,2,5,0.007086488547307025,False,0.5033899496701613,1.5244667363830877,0.07796173563858834,11.823419977249985,1.4478472699684253
3,2,5,0.009614570850853824,False,0.17206454523229336,1.1894678180710363,0.09810609045081285,78.39159142103429,0.9807775401912989
3,2,5,0.026695977174423992,False,0.4134289714219137,1.5107851720228465,0.12351873285513859,336.04533019887293,1.4173696039584716
3,2,5,0.01887190347808256,False,0.11842089656410387,1.776516838336532,0.10428362110925209,132.4921609864465,1.2688802315005228
3,2,5,0.01625267635473255,False,0.4213946392939806,1.4697360874374412,0.0841696975708859,48.744353719525186,1.3930143572876792
3,2,5,0.01883364418753277,False,0.10708230599057639,1.1999406299134658,0.057875612672275895,46.46163550263736,0.9696485315358778
3,2,5,0.005090211812111234,False,0.2838866034508169,1.6839060085212543,0.11105406569936319,641.4560434447076,1.6631334939090798
3,2,5,0.01905127828404975,False,0.5961813839962218,1.466889698151867,0.056730366441133044,154.701973553038,1.0651225486001747
3,2,5,0.01656309062345639,False,1.0267754077803644,1.35468230484494,0.12084918372270177,98.63333067744995,1.2096966726934715
3,2,5,0.015075225189661201,False,0.2805641248335193,1.2596402246692286,0.11177642678031344,120.58737945182565,1.25282277549547
3,2,5,0.0011104325242423663,False,0.44397144353508494,1.3081046329050419,0.0662664046659099,12.740766315696186,0.9502921043430981
4,1,2,0.001012539402583849,False,0.23158758658134945,1.1153580839840735,0.03155682898996232,67.88255547137494,0.794833690621584
4,1,2,0.10108413495837655,False,0.13224208847682584,1.4881431898164128,0.06811024319046213,37.194856707258204,0.7731203290762365
4,1,2,0.014070770757201832,False,0.08630830330845865,1.2885254498105874,0.12672941026457324,93.61832459129045,0.8310235004052469
4,1,2,0.002547584474290196,False,0.391478939810703,1.1814426155806628,0.033945193430082,172.60261668891098,0.7560467193067119
4,1,2,0.0034743366927419343,False,0.3520635201913821,1.236666383913985,0.024119169246827332,232.633671318612,0.9587021749591876
4,1,2,0.0013089707689255658,False,0.04593653731652237,1.6213193121063918,0.04668730603308666,2226.2551932853166,0.921566445827851
4,1,2,0.05653778297748083,False,0.04033540283126275,1.3327952879494185,0.06728242975377206,122.7559771201335,0.5448318628784959
4,1,2,0.0715445894319916,False,0.11479157387879295,1.168928257835576,0.09304268532362893,34.03199812962531,0.5902659879125919
4,1,2,0.025580417845401996,False,0.46145141989709537,1.513140739591547,0.08192277466092056,142.89561210580678,0.7803440975518061
4,1,2,0.06155215778949958,False,0.07581111571965009,1.3662479295949477,0.10097370573289811,72.9074236763989,0.7562191492488155
4,1,2,0.015343520186652103,False,0.03869452036264076,1.2436770951839535,0.13784233536076043,41.605323217795245,0.6290789719109815
4,1,2,0.08871909433293693,False,0.028919131633949845,1.6877845579496324,0.1425472303103511,143.97294031254108,0.6750961264120761
4,1,2,0.04575341803392642,False,0.19775582341364562,1.2742224710068781,0.06537063804020597,29.311538359242046,0.7060832493563766
4,1,2,0.0007285477921904163,False,1.1526672760563497,1.6395976868355198,0.052169866708463665,603.326908473435,1.10452602688975
4,1,2,0.07513468914637282,False,0.01935859486733478,1.3899315444279123,0.13388032079905018,83.06326317701935,0.7496145552527474
4,1,2,0.04019897024461658,False,0.4135553796459606,1.1109283173139939,0.0767693442148438,15.836810205892212,0.7998765084056467
4,1,2,0.02041938292359652,False,0.8423891738700895,1.4496959158104177,0.07092369287417598,78.70642766203532,0.8969699686584223
4,1,2,0.01275017422255933,False,0.011052715809100194,1.2441494940715025,0.02910690400346692,274.6144501015588,0.6844804930234811
4,1,2,0.007276024783478379,False,0.6271185221434924,1.2116900585721087,0.04585686908931096,289.0329208166052,0.5546807684519816
4,1,2,0.0026626611830246273,False,0.5783261501334473,1.520234738364081,0.15338237588608153,158.8341033157291,0.521396646676005
4,1,2,0.00037713338390993795,False,0.246129289785321,1.1677712032527716,0.019888107943593924,168.87313082565643,0.9689138754779478
4,1,2,0.056686732165598344,False,0.21527296635376636,1.3634143461253645,0.0804691784317643,121.79723332489758,0.8000287910265245
4,1,2,0.03191131225141362,False,0.07844564014767152,1.1842068269248363,0.10637355237099802,20.32033328564487,0.5590221988569093
4,1,2,0.0030719179413167515,False,-0.04138302665874109,1.7497489644026496,0.23909860898132723,59.215375862717735,1.1145630877022763
4,1,2,0.004294713893931075,False,0.555402027376469,1.8320866535814835,0.17504483698723722,223.79388520971764,1.1222478405817604
4,1,3,0.04675001287507963,False,0.61779784679699,1.435724501038327,0.21493851745338377,21.70091849340194,0.9181872349330353
4,1,3,0.02141904698027622,False,0.00573539678522927,1.4265864276065063,0.067542329202357,452.51976720083024,0.9769047188954623
4,1,3,0.008686475018725118,False,0.5254708442532635,1.6928702941258968,0.05027028004853591,36.290494595371754,1.238534779412621
4,1,3,0.01195011465611696,False,0.8553624436169944,1.4586980166129113,0.11042479362086277,73.42501390913063,1.1853310993595703
4,1,3,0.0330149288061775,False,0.09150748950631395,1.3096401667611046,0.09232367895404626,36.67002074096246,0.7511800837881569
4,1,3,0.04542570231554897,False,0.9769202274877006,1.6034837449802979,0.13837042273202496,40.600085875079614,1.3208091529794141
4,1,3,0.003755169691198177,False,1.077586801596,1.9004313813466795,0.11105056128438091,323.8165262391577,1.7696020999133992
4,1,3,0.004773941893971234,False,0.49980708369347604,1.6731442723829255,0.11902734107944984,281.79164557817336,1.4869259660209082
4,1,3,0.0004869899068529041,False,0.02040851172641297,1.4241314527026172,0.03458475780786484,324.47865497894804,0.9099847031819667
4,1,3,0.0034716761291176197,False,0.006636648936794093,1.8598186141691624,0.09210880887827594,1736.1826299996126,1.116807662622196
4,1,3,0.010890537660141942,False,0.8569365409567498,1.9766611677509682,0.062427119853558144,67.66381264785367,1.4654290229762912
4,1,3,0.0022159394333700344,False,0.47864419719926826,1.1531437899723809,0.058070191898149257,213.34441895732473,1.0240126713633306
4,1,3,0.002268317126979974,False,1.280953297495948,2.0089077546223417,0.07748534205242548,178.7196489040378,1.4353809972943714
4,1,3,0.002843373227676153,False,0.2085771306134053,1.5057384513190795,0.054465157071950855,21.34058550769211,1.0681811099365692
4,1,3,0.04981625777987234,False,0.4762554763315183,1.1467693017239686,0.046124304605652006,23.69843072473829,0.9967377813819451
4,1,3,0.015888964418328225,False,0.10956640728046636,1.401946573598615,0.056824444444324336,481.8351413375228,1.3895011970962459
4,1,3,0.010012362126001262,False,0.09867522905428248,1.35295297146444,0.1383643356666055,16.291539554493962,1.1982663866282202
4,1,4,0.0532009418951961,False,0.24210627030236598,1.4094692090596275,0.021157121119829165,105.06835791399037,1.2929126693125819
4,1,4,0.01283997937724967,False,0.14795684303301423,1.8728052401562858,0.06270466739033081,2523.927741299231,1.5053810961461336
4,1,4,0.0027483269763127556,False,0.19309417605145118,1.6344131264646897,0.07254526019320304,42.87816265765288,1.4351198742568545
4,1,4,0.01140034144430406,False,0.2291382785601064,1.1955799207649496,0.03885997147568603,296.37769605687544,0.9798000357684111
4,1,4,0.013703942180671724,False,0.06595663585217311,1.4330060328573078,0.22054436467820104,92.71227416075709,0.9522411394922804
4,1,4,0.014140496093756432,False,0.6070939173675705,1.1887267195290652,0.05852454183859971,409.1389473354349,0.8210020939563989
4,1,4,0.0007813086791963849,False,0.2338465800098839,1.4810040178207968,0.04023255731901827,185.85082523289853,1.4646449513393025
4,1,4,0.008641852124589042,False,0.7271989216674424,1.5933308612972248,0.03236131679935017,70.25156463641619,1.3829151842470067
4,1,4,0.011001740916843899,False,0.04279359953970939,1.25685943258578,0.12716670590999735,73.4462738347598,0.9892987216623856
4,1,4,0.015561243043536335,False,0.413340983032474,1.20783949258814,0.04856377437393318,98.42866202802107,0.9938573003362434
4,1,4,0.01670458775217279,False,-0.005453353780606266,1.8663277294632938,0.08401142666499466,24.19758528545033,1.1553528610335968
4,1,4,0.011298445780618569,False,0.36346188955530984,1.6995181282771823,0.044772996291001836,43.68679728969044,1.2943936924712565
4,1,4,0.00759614316106473,False,0.13113544695034027,1.5214240076328878,0.15320737476506394,57.5632951389523,1.2326228129511991
4,1,4,0.0015707681901523853,False,0.8700140767718519,1.363724499787282,0.04431106976982365,137.2578539787878,1.3335935638618528
4,1,4,0.0036849194057497156,False,0.401268091724119,1.2538200756489761,0.061704309922239096,32.70143291919496,1.0534537466559866
4,1,4,0.00223665883386765,False,0.4463777525500532,1.2643920556808361,0.08040422075987483,1096.3718087782868,1.0560103884627834
4,1,4,0.056505970715573534,False,0.11352157861050996,1.6086737534809668,0.14931697313406758,89.60076197091861,1.094630174570004
4,1,4,0.0010127341276128673,False,0.6012198727970128,1.5591603002905576,0.10153102076530798,228.04673217512317,1.4635652389157312
4,1,4,0.021204205651490605,False,0.9027963926934608,1.256002827529307,0.02567905513392182,56.801305801678765,1.0054747600278477
4,1,5,0.009482314596823336,False,0.11336734789090547,1.188964827339019,0.06140799907928747,300.30361958795817,0.8884567842708261
4,1,5,0.0008879397476863981,False,0.32923842834230554,1.4587117206635651,0.049273924021580186,1403.5660570171965,1.3065693574977912
4,1,5,0.005722127151578019,False,0.8989315653732848,1.4055935312293004,0.12007533211248506,130.49312708580837,1.6279708461810434
4,1,5,0.01392056689209976,False,0.20880735458379748,1.504781107667342,0.2712953204017379,368.363797352319,1.135961771807199
4,1,5,0.0060056842917317055,False,0.6741598727471052,1.582260375218509,0.1962123820563175,40.86250543006085,1.3180140849414537
4,1,5,0.0022782626743271393,False,0.2641685380522292,1.0965141336552597,0.056794004677439065,44.60203346376532,0.9788746832922018
4,1,5,0.003822946058800778,False,1.3551251229659798,1.743186662708645,0.061156883300251756,357.9995770013899,1.4232464169557377
4,1,5,0.03517069597563247,False,0.547106598431181,1.5049374240209723,0.09818767409087997,32.12440228910159,1.2146679853001734
4,1,5,0.00038969887405535875,False,0.29196816377924373,1.2957861261019799,0.10956862250439867,1195.7893162259666,1.0644582600414272
4,1,5,0.02377546344607867,False,0.21535869745923686,1.236309958853364,0.10212258832700724,273.01018049029653,1.2234937481718635
4,1,5,0.008881046005829153,False,-0.022843195840728303,1.2674539812389,0.2506929602655039,35.79013960443592,1.01163959920103
4,1,5,0.013158585486925806,False,0.4525663744591818,1.2210369227628153,0.07903588198628199,31.616132223117322,1.1681770543399788
4,2,2,0.10619183808527335,False,0.03201373300290989,1.3173078026047096,0.02814619846266481,46.92057013637337,0.7313538175866606
4,2,2,0.07262275241333564,False,0.045923182199595944,1.3281693716026426,0.06548178493595888,82.33711222437032,0.4300471965055522
4,2,2,0.01439388822326818,False,0.11111666755417507,1.6534457294091753,0.06933050246710247,13.925441695646379,0.8485747543941259
4,2,2,0.005185848870670486,False,1.1356939105760038,1.2527264849738255,0.05763208344886404,154.49421726925243,0.9131903974633092
4,2,2,0.04597544811236745,False,1.1533834235497693,1.3847558803480269,0.05985821768249941,90.26453431502532,0.817714893906002
4,2,2,0.07696876698793956,False,0.0595391963007709,1.3943996617853534,0.04273169569309226,45.13987867783093,0.6383696965591721
4,2,2,0.004114920472051555,False,0.9826965698115577,1.416012639498339,0.03519684892223039,21.625491895991786,1.054129360748751
4,2,2,0.011970026372507233,False,-0.0034419660627758464,1.2411099272888177,0.058668478115256134,48.80413050687684,1.001301427658252
4,2,2,0.008572366549276383,False,0.48453091089215855,1.5440165989053884,0.10801221920500371,61.47483364851173,1.1408584051322148
4,2,3,0.057887807630716194,False,0.37203553987949456,1.300692891390698,0.055187461108353875,31.869998443217312,1.4534453032080255
4,2,3,0.03340302443415196,False,0.3030615714950586,1.3927704436157478,0.07740049960220131,12021.147234137668,1.2209086231064834
4,2,3,0.006764071485544923,False,0.4299599936564048,1.5208013122475208,0.0532154892767773,1455.5225247886456,0.9362970259470044
4,2,3,0.20762802355004462,False,0.8217643968584676,1.0910854813797646,0.05016337797578777,37.55654452830438,0.8395155120090685
4,2,3,0.01461975861605734,False,0.042566768626086514,1.1860242431219763,0.06184828823303297,121.90463979922566,0.7750800237444244
4,2,3,0.0024545256462692867,False,0.6949573339470316,1.8988870850256359,0.05197699030073475,137.79056722036282,1.550710881923942
4,2,3,0.02406607040651365,False,0.8110048039766009,1.325192719725132,0.039583067156578715,49.82016973207009,0.9699084840706387
4,2,3,0.023629752125174146,False,0.4687824586291501,1.413782035467616,0.046191900780794465,73.20855817752323,1.2813033189368255
4,2,3,0.017107757764650643,False,0.8656408198739204,1.8593498804619115,0.05665214140148466,94.32875036871614,1.4398047880249418
4,2,3,0.007611601256501933,False,0.5959404247845289,1.3905813649674243,0.04118721427140261,1404.546600476519,1.0411434590883593
4,2,3,0.04027035160104761,False,1.103313614236971,1.2359730230886108,0.056738213194548116,49.42077378957881,0.9902298014325965
4,2,4,0.016966152638404654,False,0.23436475159836123,1.6160986467383964,0.023389592506985926,179.72283613786533,1.325559390460012
4,2,4,0.004939103846057853,False,0.18468798773538217,1.257606953035862,0.06460215883863052,258.1993615103011,0.9717134653500455
4,2,4,0.03178373227328002,False,0.6645788811741901,1.3275184821776513,0.0619942225152822,82.37383807295173,1.0882639286686402
4,2,4,0.00629807517382014,False,0.12308501131343406,1.192266136027692,0.06725567906726757,726.1188520092516,0.931659504037501
4,2,4,0.06284447041997157,False,0.542129370986049,1.3323568559089347,0.07555726223793567,16.12401106680635,1.0506614866950748
4,2,4,0.07726671478517384,False,0.3278629799237593,1.5826048232997758,0.06069987767644118,28.12471304897367,1.2428933243234284
4,2,4,0.011462279252467707,False,0.4920168395067177,1.4341869449340843,0.047251919960892556,90.24606172966199,1.1186686227441913
4,2,4,0.036777624557685615,False,0.8393562879600169,1.256913382370687,0.1035379809370817,75.14360875078935,1.1273441727886564
4,2,4,0.08699737198353844,False,0.5133841687708246,1.034389567314181,0.038009980551360914,154.43594293043685,0.6596848045241956
4,2,5,0.01660156007521563,False,0.5844244523922483,1.277762510580014,0.03734584685065062,110.3984311015811,0.9697473782634208
4,2,5,0.01950464574469884,False,0.7948156890764673,1.339341418187947,0.05086077544919477,42.06700678838295,1.2090289410980735
4,2,5,0.00044009012907083477,False,0.9037464062571282,1.5725544494756358,0.04205633849393024,173.77562651422446,1.694234446183369
4,2,5,0.006829287134350664,False,0.4346152635991223,1.5281858621801763,0.05916509399410361,71.70215395619697,1.1719469122690622
4,2,5,0.004233039991044678,False,0.7348253830827102,1.336452396618209,0.04238487312877934,114.01543459989314,1.0956267558515707
4,2,5,0.018982761362037553,False,0.5936773352571292,1.2471149065048246,0.03698741836758405,92.24765655238274,1.2848163632057508
4,2,5,0.009856897060687014,False,0.4720717117850993,1.4074534651045192,0.05558534825522,280.55317511650156,1.052011127728416
4,2,5,0.03946763768160503,False,0.38098580659725473,1.2250487624669377,0.03463343834289748,135.98537781903693,1.0391674716280024
4,2,5,0.0011350309188207387,False,0.9843581089993879,1.6236703275869575,0.10722998291914368,110.9833706753442,1.3151050990425244
4,2,5,0.009216964280807408,False,0.5852084508917762,1.3290770137258516,0.060870800477093985,157.65818720907683,1.1135761248684473
4,2,5,0.007669373327875506,False,0.8845993764291786,1.5027204323423404,0.14865366093861365,247.31664386633506,1.7966951373990554
4,2,5,0.0266514916796097,False,0.4247455347819183,1.2665028113480172,0.051969371153774424,77.5292332373351,1.0938488984316408
4,2,5,0.0056473885325621365,False,0.5720185015621273,1.1394718872024967,0.03498274081990151,822.6100278837596,1.1059994336792627
4,2,5,0.002325163384050112,False,0.002948466027704099,1.6097766839161414,0.07012175344146383,1487.5691770541032,1.363604793402442
4,2,5,0.03320011553985135,False,0.8231993826734235,1.3297812566594225,0.03435973284792754,8129.151666824726,1.2351377469326519
4,2,5,0.07827150252486331,False,0.2138034539954772,1.167848574141537,0.047778859306840595,120.33470415634767,0.8182400006654577
4,2,5,0.019482329202135773,False,0.8382285970933621,1.371219502121472,0.030491427942246477,104.43166925790497,1.1929440109446958
4,2,5,0.00953517451117535,False,0.6168108644812478,1.5080099246923204,0.04630747633391539,262.27305503247646,1.33494137101369
4,2,5,0.0019112360312308057,False,0.14732800871538865,1.2500203060960096,0.06913033238735924,38.23134842206095,1.0615497217539487
5,1,2,0.007206241273239527,False,0.2817383880891533,1.6749747513549176,0.06915186862901197,45.03817109356963,1.2345836727051531
5,1,2,0.030414318172335152,False,0.35995506459000814,1.5750150996046888,0.05049135924787819,79.54730877576519,0.9566115858007931
5,1,2,0.0038710606109934754,False,0.02503462256766325,1.399011465427502,0.04007078431094392,190.10577995122475,0.9851471923221894
5,1,2,0.03696716364406083,False,0.03441517660701214,1.4411678250838544,0.05044320428406452,128.39686153859546,0.3671065025062346
5,1,2,0.029711105893374473,False,0.6272378932440646,1.3894056753444926,0.03309540833947251,92.93190381091445,0.9911541287153063
5,1,2,0.01298453805562466,False,0.0757010180335897,1.5976738833290327,0.22006283446431024,66.30184614983546,1.0426607264785055
5,1,2,0.000812588743082275,False,0.8641205086930255,1.587683421979538,0.02123209090966801,262.5839037937326,1.1478340559758704
5,1,2,0.06540353848780299,False,0.8621342287937044,1.7316271797296985,0.0924960587427228,15.364240422997863,1.2346513191518353
5,1,2,0.07625192358232256,False,0.9507367316291991,1.448848881810051,0.09151217693390931,14.400781060612017,1.2357330312474353
5,1,2,0.04036370322745873,False,0.5089175758550201,1.4730297432678556,0.07399011225721892,36.63611282262766,0.7894670639196216
5,1,2,0.02710915899485751,False,0.458930740825385,1.7931634970583814,0.05439576435071785,45.262908274720964,1.0023664282624123
5,1,2,0.03110147396234249,False,0.09578756233246977,1.8491530059671795,0.05569839447207275,99.11568228782629,1.2893601364341805
5,1,2,0.016113276363042963,False,0.13618149221827647,1.3270208867583453,0.046192192973509495,948.9979772847919,1.0579729264531164
5,1,2,0.0013465315749941885,False,1.2080078804860264,2.0149622815046935,0.06088860386398377,81.32996303232653,0.7612662768125699
5,1,2,0.005268169137751065,False,0.004119137268946663,1.2994846633844173,0.16240208187470634,416.24473442185916,0.7862194548914073
5,1,2,0.02055720230839414,False,0.7654945910028472,1.625424244922353,0.05596649470599146,130.7720674079366,1.3618472930708803
5,1,2,0.007134567101653406,False,0.5464063817400372,1.2523033047859657,0.01995136513578776,44.85031221866155,0.5254582223800798
5,1,2,0.004115674446012175,False,0.02974929620047348,1.9747530021040411,0.04075481039247828,88.07652821904819,0.6856768585939992
5,1,2,0.04333300241912341,False,1.0438984067084724,1.367884644755812,0.06414092781523578,146.32332718380079,1.1181499979451943
5,1,2,0.04615180864996786,False,0.43214631004927706,1.2968786008388855,0.04422189117146482,32.991425673020075,0.9751562812696472
5,1,2,0.024300535673783208,False,0.004936940303489131,1.397208057063648,0.04255978636938779,413.6487340038775,0.48866341590571505
5,1,3,0.01853146662110484,False,0.9560115444640238,1.5224335901062322,0.14184191517095887,123.7114444155592,1.1022714824351116
5,1,3,0.001587972797336662,False,0.1930477150615896,1.1821634472356888,0.036487774784794924,808.0428411049153,1.0151919849386284
5,1,3,0.023982259254298883,False,0.036409200879074496,1.7677721719875832,0.1094687660777837,47.71529702650193,1.0397948471387786
5,1,3,0.02322910546051743,False,0.25510465907662533,1.3535952491785757,0.04232024886131008,31.443105557800944,0.9121753455826731
5,1,3,0.0009888399914079007,False,0.15235864262555887,1.7200253917460568,0.049297601370106366,285.81469678233316,1.5678448258497797
5,1,3,0.03627725697150282,False,0.7840653766300787,1.3176527443585628,0.03758427741737136,54.880836953103795,1.0795968513725804
5,1,3,0.006039528797290214,False,0.6616612353297948,1.3602062793919998,0.04951722860426962,126.24653469772994,1.2864755366853702
5,1,3,0.02567858754403137,False,0.6039510683278189,1.5398841921817072,0.030697602238954357,57.99365130106478,1.151196424508882
5,1,3,0.0022316610881277983,False,0.08013510151450809,1.6876167576280272,0.07227136262805839,74.59092046382332,0.9534598631171756
5,1,3,0.0005603911149071191,False,0.09911462030463539,1.7772576190749432,0.08689419504171406,252.17631480391756,1.5560546987015347
5,1,3,0.05412310108565893,False,0.44751239323876796,1.4544098038068174,0.05401164461531266,41.75387862123581,1.0271343389868874
5,1,3,0.008559848677513675,False,0.9217552341359063,2.1728012728317894,0.08026823039414407,257.0000713667976,1.8050622166712587
5,1,3,0.01861115698793324,False,1.036422893904576,1.424606682565411,0.05332379004980614,79.92940556534352,1.1765961677325876
5,1,3,0.006569573584027261,False,0.0502711434252543,1.424868033541917,0.03486660180791823,53.61614574833368,1.3061593824291966
5,1,3,0.11168641830110539,False,0.6128416158757605,1.4418833983005892,0.13730617715320118,3456.348462803386,1.2165080400782968
5,1,3,0.0021324044779184132,False,1.247795038238515,1.3978491607941985,0.06534212265494681,2808.6349352183493,0.8339371727503159
5,1,3,0.02440658297829356,False,0.13047330458317297,1.9418817779251547,0.05689366780827405,70.3512951748811,1.678513808409134
5,1,3,0.000365141178063522,False,0.14681760027986188,1.7154125559549465,0.07725738756804021,199.11170158482662,1.3681815629799026
5,1,3,0.003295644549289172,False,0.7050664903638317,1.6897794005786182,0.2053947344361289,72.69588081670791,1.204957539421375
5,1,3,0.006673777535889745,False,0.4729433323808418,1.7658117619988427,0.11661147040546987,88.09800283419516,1.2993561850863329
5,1,4,0.01388870677337563,False,0.9979921509785543,1.668773416601235,0.061365551397459216,75.8062432260645,1.6193434486306577
5,1,4,0.01883879938973851,False,0.5787170710258976,1.5526124036971616,0.07555938063260545,61.1732671893493,1.2101329102932548
5,1,4,0.0017058469841965353,False,0.03274247184813735,1.2024772774688721,0.031196568453638718,75.71264950466416,0.948910187891333
5,1,4,0.0070278997132540676,False,1.0035633261289751,1.2246468794855159,0.04050654385777329,65.09811677605838,1.1060706255693935
5,1,4,0.04553231830474854,False,0.3498100753508626,1.4440993299315898,0.04162239648550583,66.97114252790207,1.0974524214171408
5,1,4,0.009535466337759296,False,0.25850380325374833,1.5174468526522635,0.10095116351107564,133.513695057006,1.0725150317033219
5,1,4,0.005337632885851291,False,0.1993018119020208,1.3035684452123715,0.04912410518180009,184.78212253624835,1.3183902894343706
5,1,4,0.0032075680287763668,False,0.33889747622341193,1.9239778635102007,0.07391971812844414,38.76369670294769,1.6635796873377215
5,1,4,0.012166842352464123,False,0.04867524747295239,2.0330459649984935,0.21240496401233916,66.49818133384125,1.5409515753500787
5,1,4,0.00520764832646364,False,0.8594634641642319,2.3232423255822874,0.1418672969521018,816.2618985643142,1.978459332931271
5,1,4,0.0027319614876143003,False,0.47149147177861667,1.5938055190143647,0.08881329375233077,2177.027272212332,1.3771796185477747
5,1,4,0.007772364705261158,False,0.7533233099785749,1.8088164221642937,0.05614141902969275,1791.8703781663849,1.6145497388656114
5,1,4,0.026424307593837865,False,0.04559030879136965,1.7174014952428522,0.14172056306166783,201.06684745362818,1.250604000948567
5,1,4,0.012675365784581368,False,0.05559582335414609,1.3040851342703885,0.19296315200169883,101.55373984707468,0.9739847927430829
5,1,4,0.012710172364681055,False,0.07986363985499167,1.2136486057329434,0.07184632391391728,162.267411990557,0.9505702336075335
5,1,4,0.006415864866200862,False,0.1159407195416815,1.779903724287758,0.11958571543298073,78.98822693220485,1.6200275651769174
5,1,4,0.002209404253313855,False,0.64059208008435,1.5627967901752422,0.04813738774709525,521.9867811008068,1.7286782994004846
5,1,4,0.003765742448633028,False,0.1938168401686208,1.3088280461450452,0.029485790185841604,76.76233619804378,1.2086889675929764
5,1,4,0.004849485241639365,False,1.2475022085172096,1.9278657996549577,0.13009554827000927,513.8385458385286,1.3752505535359236
5,1,4,0.1535607330684964,False,0.9501739563288891,1.7542861628010464,0.04408637842101953,287.5886539942379,1.6594796454430016
5,1,4,0.002833729016219557,False,0.6344965285670355,1.5944791640795928,0.04585408324022726,1240.4536837205276,1.251029347689101
5,1,4,0.026886978415687306,False,0.05287644075622088,1.3854543103479275,0.055893254852863374,46.48651662377342,1.2212167136205705
5,1,5,0.0024186832697123306,False,0.8926616578314465,1.7120159690752987,0.05929002268015829,47.363182834212225,1.6263163838534405
5,1,5,0.009193732271889783,False,0.23345345167752912,1.4033606215991998,0.055094182561202534,291.9332581438532,1.0831750692011224
5,1,5,0.01201739892983375,False,0.48587436917467486,1.9641703055904067,0.09336489177817173,101.51835013056362,1.6830439182849684
5,1,5,0.017746173790353644,False,0.1580029994477521,1.4289636959560168,0.10186653134812163,2236.719229345913,1.3007751894109656
5,1,5,0.039840676763274394,False,0.2325484420030418,1.523669273596169,0.05994425027030243,155.70817449483093,1.4422245665395352
5,1,5,0.006466728023421303,False,0.32104342466921293,1.0825887643742775,0.0563883524081974,75.78797027766295,0.9594687645769695
5,1,5,0.015047141353805527,False,0.6108504103305865,1.8543284175959673,0.0632161260692928,97.72458572824249,1.6081682263629422
5,1,5,0.03787882046307343,False,0.7804693116464531,1.2777237621415551,0.04123909813007109,176.91100087993863,1.031375126482908
5,1,5,0.002260795130252384,False,0.020862691281553575,1.8572836589020905,0.1055790138636575,202.92925547417875,1.2080518313524902
5,1,5,0.009944136749119814,False,0.12698066363363159,1.2270676907343685,0.09023666411539272,69.12716510985034,0.9920307652528838
5,1,5,0.0034389248247294123,False,0.5337158086012236,1.858784168852459,0.11931563861174392,47.43657462605209,1.4611426647593346
5,1,5,0.00254693119076766,False,0.16551559094520446,2.0764442309193702,0.07813504842957915,197.5690385753592,1.5066718264774224
5,1,5,0.009998499859319108,False,0.344699994818675,1.2904497538992221,0.09369322632345739,344.9499568393025,1.443104035566545
5,1,5,0.014068460778721951,False,0.7140704636055589,1.9880875563783056,0.047156585698165276,680.3936464517008,1.2444598017206798
5,1,5,0.009512653779370349,False,0.08576376990261653,1.5419523846112348,0.0512688822415956,27.191026738644386,1.217715660090056
5,1,5,0.0016127816485487895,False,0.1723973678433449,1.3882297257274163,0.037820511896480204,719.116183318268,1.281974394023928
5,1,5,0.04388299194280995,False,0.723734570747534,1.9113229364969786,0.09905206321338998,85.41888723357935,1.4701495150478352
5,1,5,0.005627281176183313,False,0.7884119675019721,1.495635678687519,0.037503513608838614,164.95882300548053,1.1562798729364905
5,1,5,0.018751569974132597,False,0.561825296040459,1.7933101691885722,0.1601235119975999,93.9466990324764,1.4164125701123305
5,1,5,0.004754607234652794,False,0.8501051280578267,1.5133773201564906,0.06366561559232305,68.36298733667634,1.4231856285890683
5,1,5,0.01636756555440257,False,0.0022823275076299786,1.5901886633499303,0.031420157193607974,1594.160711703722,1.1075246404066545
5,2,2,0.015848859025806773,False,0.14167691694999232,1.5474640662221473,0.06533384443368956,42.92676145833519,0.6892803694948662
5,2,2,0.016630974664602553,False,0.5975033961068985,2.0929821797521995,0.0915056827712937,47.86302372942218,1.3212227792196038
5,2,2,0.00890428052520956,False,0.14581073627983032,1.47758072862562,0.1014941142082819,33.86536481823555,0.9483967101472847
5,2,2,0.012721791100136756,False,0.014116556512381032,1.5164730580604502,0.036982153914736374,106.73644165503383,0.4632668154222388
5,2,2,0.0026130758683658,False,0.45737305482016294,1.2215305622544077,0.03326345868703299,207.06036649240025,0.7922932413436146
5,2,2,0.01563943773200467,False,0.03836415954593343,1.7061109850032083,0.05019449886711287,927.518065966873,0.9410796694458594
5,2,2,0.0008370375748927919,False,0.9860216090969613,1.588909749001117,0.11627864595371763,25.155783474644295,1.2792820472508044
5,2,2,0.020564630042862953,False,0.004371492214503385,1.6869737401498859,0.08813594909641288,729.7631828508086,1.0056500251822234
5,2,2,0.04697675130077249,False,0.1312506385634015,1.348182831739575,0.047893330614823953,28.8504865808541,0.9118277783467805
5,2,2,0.0010437668868425853,False,0.15335816158310167,1.4852162880299586,0.05529559584719769,66.93625867337545,0.9540042890678959
5,2,2,0.01846356667008292,False,0.5560334936772725,1.464460609177803,0.061683384684020716,77.71447828501645,0.9515658646580669
5,2,2,0.04219618429869201,False,0.5311472961337974,1.660321503129471,0.036625522110789316,747.2660059389336,1.0549338254012413
5,2,3,0.01344287118128455,False,0.7433721026358375,1.8968835767805794,0.0560936549995485,87.0917222751715,1.7691913166449866
5,2,3,0.012598583684367228,False,0.35909504299633943,1.410497029770346,0.06736452451660106,140.6061280371318,0.9695348818696637
5,2,3,0.04068698095549049,False,0.070444969857329,1.7108586124794878,0.03453836434130029,315.62987309904526,1.2061377641059177
5,2,3,0.026068572443480834,False,0.4295470830725837,1.3748738813079342,0.04534993375979113,268.0636684089092,1.1121564057943636
5,2,3,0.058026000115354893,False,1.0262794488896303,1.8624746455802874,0.06633503079759476,146.23132789942187,1.3967085657759852
5,2,3,0.013000894757099419,False,0.6352737447985498,1.525017709710412,0.04837063535911299,203.02392604223,1.0605961072702201
5,2,3,0.035461281176664756,False,0.38906334441513896,1.5399580335734344,0.04307114417600104,51.05259553674785,1.254920901713259
5,2,3,0.010597014347323163,False,0.33068485295114036,1.332808690979168,0.04348714069235152,4234.89912915565,0.919285153562045
5,2,3,0.09195310384983676,False,0.28735596224199955,1.5188735009628307,0.025527476388055293,398.06821503029727,0.9291323007416696
5,2,3,0.011803425322126589,False,0.6569597119931369,1.4684720992297815,0.06547772847682096,63.03017949071068,1.2624975895764485
5,2,3,0.12247714609399675,False,0.48425607579188557,1.1717106679356941,0.033053207451087,845.9035009273312,0.7997764303130717
5,2,3,0.03839974353962892,False,0.2240454598253143,1.2075911061010585,0.03548305953934556,328.79937193115364,1.0570706055351096
5,2,3,0.0016445065481144464,False,0.6648604183012995,1.5690612435443032,0.08394818545051043,748.4130799433118,1.5463526465179216
5,2,4,0.009068672310978456,False,0.5632324219399941,1.4282283513210097,0.08164739642153199,351.26258267074303,1.3725884339898653
5,2,4,0.00559646904608299,False,0.8966570613374938,2.134507705804197,0.06869014124084484,227.22558946692877,2.2059233878079376
5,2,4,0.051173685445050944,False,0.5800229798574139,1.309514162735633,0.035017793599622676,2529.869525486071,1.1110290139727494
5,2,4,0.005268770595219976,False,0.08756385474112571,1.3505353251065693,0.058747103717773086,43.057758078378484,1.009920847453492
5,2,4,0.0815392396492061,False,0.06629703726055874,1.491636914380752,0.05534793692639914,61.2110991394972,1.210435077812747
5,2,4,0.010598912731679993,False,0.4007333511945873,1.3113620329256706,0.04038162113330411,64.67067783572331,1.0333034299054453
5,2,4,0.024298479761193398,False,0.8597434389192383,1.5416919534850775,0.07484425994379183,65.51449976394616,1.3119566751570653
5,2,4,0.0064385029790309575,False,0.28473165690150765,1.2908316205804362,0.035710874559421145,575.0222077501096,1.4697277231989632
5,2,4,0.008659087337220529,False,0.09580142061745346,1.2931844862299913,0.023668940337406824,249.2333865803425,0.7924107158940964
5,2,4,0.0874930777174531,False,0.606263277875331,1.6104485710502516,0.06339194377002288,817.0434676083346,1.3717272230387778
5,2,4,0.014219556503067943,False,0.7498031513035992,1.2823268321984092,0.055108819221439106,166.19997277050427,1.2193730693459144
5,2,4,0.011502253722166095,False,0.5777650381024015,1.3921200952423909,0.04890297864482319,759.018179129662,1.283200345128455
5,2,4,0.008470640551454788,False,0.37423945708443707,1.5747319058940608,0.12378601289871537,232.74398769083658,1.4847279683339845
5,2,4,0.00248465685423214,False,0.6057240275454819,1.2653373142161612,0.03256464281928051,144.73250659707915,1.3189703085422841
5,2,4,0.02217593032451937,False,0.3830746057910764,1.2542083816126495,0.03163302557038455,85.65965040343339,1.1065937629755562
5,2,4,0.004425134181978941,False,1.5764768266452343,2.0333649819357453,0.041339187191779134,1007.548123363241,1.8220303275302538
5,2,4,0.01970910170122774,False,0.09481719902213163,1.7308438407190778,0.04585187086033319,99.53642529742581,1.6050698635921608
5,2,4,0.01753570397350092,False,1.1233041885417276,1.774630242739846,0.0718127862465395,69.2508810007061,1.27341870357094
5,2,4,0.013435532130309175,False,0.38389519750254236,1.6108974869610657,0.08559653990422923,69.87159508377482,1.5697706239286666
5,2,4,0.0003462807569894527,False,0.7358952244941241,1.397740701532094,0.04775501315605478,382.9560777578202,1.3020268033115572
5,2,4,0.005406134206145913,False,0.704146730455097,1.7909954321131454,0.049193032361497115,77.71427425588573,1.8076737079576968
5,2,4,0.023719978157541115,False,0.27987596204583,1.431565443993304,0.07923571718803275,70.86298590104484,1.025923341488316
5,2,5,0.007026609984559198,False,0.23635395605923068,1.7595357466836838,0.06533236446587723,144.63484118562005,1.4640640803685767
5,2,5,0.0016914805791571393,False,0.11537240503542051,1.2104942420758724,0.028155074785774926,720.478053141811,1.3759208893455266
5,2,5,0.0026414889012770794,False,0.37274658193867094,1.1613886624726069,0.05488468412311504,84.619194054184,0.9729356280171189
5,2,5,0.006586376170957897,False,0.4235642112011535,1.8168772360889833,0.03938565630754597,309.5308586930309,1.7131040002038405
5,2,5,0.005766048037395885,False,0.5865608053585967,1.8017471007863624,0.075088453853276,41.57883447869426,1.4832932928916203
5,2,5,0.01191543899645537,False,0.9933908293561056,1.4725681232945775,0.04969875063782826,56.01870980136866,1.1441481075247468
5,2,5,0.0031887880792754544,False,1.003942239342931,2.0598398295313416,0.11162580639367152,167.65885385901353,1.596887724667452
5,2,5,0.013250890205128735,False,0.30426369768146233,1.3663977733794554,0.058339510789350166,102.1121157748359,1.0231930782266159
5,2,5,0.016102548824251283,False,0.5232568045786417,1.5556318499417205,0.04474620125267208,1216.3512798039912,1.5442070071136895
5,2,5,0.0014811594037281745,False,0.8796726624633505,1.8068640469955628,0.07979883921946809,60.491787829576786,1.4186163149754978
5,2,5,0.010580114359107095,False,1.342515905200813,1.6525614955772483,0.06925676320964312,204.344929188936,1.5130149336473537
5,2,5,0.0274267361570789,False,0.726193633250894,1.8845310661943755,0.04830755527457298,1423.463003381406,1.757063345903671
5,2,5,0.011712535155260384,False,0.5840720205926835,1.2197565914215271,0.03140322616198047,1337.2290032325147,1.108139101618539
5,2,5,0.003341217320164511,False,0.4852306500483028,1.4031107302046102,0.05939725329684561,262.5283940418166,1.3597370245619056
5,2,5,0.0017690869653531362,False,0.4676233186145395,1.603566176780154,0.0769410371161599,51.855866422283285,1.1579012669455733
5,2,5,0.029219459061904606,False,0.5185606568468718,1.3257064685963906,0.06704601835976805,45.99572833600811,1.2706833408505964
5,2,5,0.001666580658363781,False,0.6241977393240129,1.7399569870727671,0.10103080545445173,168.7109197628598,1.3550071397401768
5,2,5,0.036075433533236126,False,0.36467521122223523,1.0716044299241732,0.027602555333249998,662.8346400840342,0.8187476340577113
